INSERT INTO person (person_id, first_name, last_name, birth_date, phone, phone_ext)
VALUES (1, 'Mia', 'Shaw', TO_DATE('1952-03-11', 'YYYY-MM-DD'), 873949399, 172);
INSERT INTO person (person_id, first_name, last_name, birth_date, phone, phone_ext)
VALUES (2, 'Annabelle', 'Reese', TO_DATE('1929-05-19', 'YYYY-MM-DD'), 555224258, 87);
INSERT INTO person (person_id, first_name, last_name, birth_date, phone, phone_ext)
VALUES (3, 'Aubrey', 'Shepherd', TO_DATE('1959-04-14', 'YYYY-MM-DD'), 725534945, NULL);
INSERT INTO person (person_id, first_name, last_name, birth_date, phone, phone_ext)
VALUES (4, 'Ryan', 'Roman', TO_DATE('1988-12-08', 'YYYY-MM-DD'), 230854119, NULL);
INSERT INTO person (person_id, first_name, last_name, birth_date, phone, phone_ext)
VALUES (5, 'Lydia', 'Abbott', TO_DATE('1973-07-23', 'YYYY-MM-DD'), 902339297, NULL);
INSERT INTO person (person_id, first_name, last_name, birth_date, phone, phone_ext)
VALUES (6, 'Josiah', 'Hill', TO_DATE('1952-07-20', 'YYYY-MM-DD'), 535783886, NULL);
INSERT INTO person (person_id, first_name, last_name, birth_date, phone, phone_ext)
VALUES (7, 'Morgan', 'Norris', TO_DATE('1927-05-28', 'YYYY-MM-DD'), 732416092, NULL);
INSERT INTO person (person_id, first_name, last_name, birth_date, phone, phone_ext)
VALUES (8, 'Brianna', 'Waters', TO_DATE('1962-10-24', 'YYYY-MM-DD'), 469809359, NULL);
INSERT INTO person (person_id, first_name, last_name, birth_date, phone, phone_ext)
VALUES (9, 'Alyssa', 'Moon', TO_DATE('1932-03-03', 'YYYY-MM-DD'), 091047293, NULL);
INSERT INTO person (person_id, first_name, last_name, birth_date, phone, phone_ext)
VALUES (10, 'Aria', 'Lucas', TO_DATE('1984-04-09', 'YYYY-MM-DD'), 689176300, NULL);
INSERT INTO person (person_id, first_name, last_name, birth_date, phone, phone_ext)
VALUES (11, 'Jordan', 'Wolf', TO_DATE('1939-08-20', 'YYYY-MM-DD'), 759945707, NULL);
INSERT INTO person (person_id, first_name, last_name, birth_date, phone, phone_ext)
VALUES (12, 'Jacob', 'Lester', TO_DATE('1944-09-18', 'YYYY-MM-DD'), 424332029, NULL);
INSERT INTO person (person_id, first_name, last_name, birth_date, phone, phone_ext)
VALUES (13, 'Jocelyn', 'Leblanc', TO_DATE('1963-05-11', 'YYYY-MM-DD'), 981733742, NULL);
INSERT INTO person (person_id, first_name, last_name, birth_date, phone, phone_ext)
VALUES (14, 'Henry', 'Cantu', TO_DATE('1983-06-18', 'YYYY-MM-DD'), 132635894, NULL);
INSERT INTO person (person_id, first_name, last_name, birth_date, phone, phone_ext)
VALUES (15, 'Levi', 'Juarez', TO_DATE('1968-12-28', 'YYYY-MM-DD'), 379452141, 993351);
INSERT INTO person (person_id, first_name, last_name, birth_date, phone, phone_ext)
VALUES (16, 'Ella', 'Best', TO_DATE('1937-01-27', 'YYYY-MM-DD'), 948706108, NULL);
INSERT INTO person (person_id, first_name, last_name, birth_date, phone, phone_ext)
VALUES (17, 'Harper', 'Barker', TO_DATE('1933-10-07', 'YYYY-MM-DD'), 062856360, NULL);
INSERT INTO person (person_id, first_name, last_name, birth_date, phone, phone_ext)
VALUES (18, 'Jocelyn', 'Rasmussen', TO_DATE('1938-01-31', 'YYYY-MM-DD'), 793483038, NULL);
INSERT INTO person (person_id, first_name, last_name, birth_date, phone, phone_ext)
VALUES (19, 'Austin', 'Bartlett', TO_DATE('1956-04-01', 'YYYY-MM-DD'), 971969474, 177);
INSERT INTO person (person_id, first_name, last_name, birth_date, phone, phone_ext)
VALUES (20, 'Madelyn', 'Deleon', TO_DATE('1950-04-30', 'YYYY-MM-DD'), 250762782, 882);
INSERT INTO person (person_id, first_name, last_name, birth_date, phone, phone_ext)
VALUES (21, 'Tristan', 'Bolton', TO_DATE('1978-12-12', 'YYYY-MM-DD'), 355638337, NULL);
INSERT INTO person (person_id, first_name, last_name, birth_date, phone, phone_ext)
VALUES (22, 'Bella', 'Leach', TO_DATE('1988-08-14', 'YYYY-MM-DD'), 426840086, NULL);
INSERT INTO person (person_id, first_name, last_name, birth_date, phone, phone_ext)
VALUES (23, 'Amelia', 'Rhodes', TO_DATE('1939-07-03', 'YYYY-MM-DD'), 686604737, 719);
INSERT INTO person (person_id, first_name, last_name, birth_date, phone, phone_ext)
VALUES (24, 'Blake', 'Ray', TO_DATE('1999-07-11', 'YYYY-MM-DD'), 576410374, NULL);
INSERT INTO person (person_id, first_name, last_name, birth_date, phone, phone_ext)
VALUES (25, 'Jacob', 'Johnson', TO_DATE('1950-03-03', 'YYYY-MM-DD'), 601102695, 182);
INSERT INTO person (person_id, first_name, last_name, birth_date, phone, phone_ext)
VALUES (26, 'Aaliyah', 'Pittman', TO_DATE('1922-09-15', 'YYYY-MM-DD'), 948585547, NULL);
INSERT INTO person (person_id, first_name, last_name, birth_date, phone, phone_ext)
VALUES (27, 'Claire', 'Gregory', TO_DATE('1970-11-22', 'YYYY-MM-DD'), 270333054, NULL);
INSERT INTO person (person_id, first_name, last_name, birth_date, phone, phone_ext)
VALUES (28, 'Madeline', 'Johnston', TO_DATE('1984-12-04', 'YYYY-MM-DD'), 941242375, NULL);
INSERT INTO person (person_id, first_name, last_name, birth_date, phone, phone_ext)
VALUES (29, 'Alexis', 'Witt', TO_DATE('1989-09-23', 'YYYY-MM-DD'), 995729745, NULL);
INSERT INTO person (person_id, first_name, last_name, birth_date, phone, phone_ext)
VALUES (30, 'Ryder', 'Knight', TO_DATE('1966-08-19', 'YYYY-MM-DD'), 010701906, NULL);
INSERT INTO person (person_id, first_name, last_name, birth_date, phone, phone_ext)
VALUES (31, 'Faith', 'Eaton', TO_DATE('1921-02-02', 'YYYY-MM-DD'), 851249820, NULL);
INSERT INTO person (person_id, first_name, last_name, birth_date, phone, phone_ext)
VALUES (32, 'Scarlett', 'Bartlett', TO_DATE('1956-10-25', 'YYYY-MM-DD'), 974714256, NULL);
INSERT INTO person (person_id, first_name, last_name, birth_date, phone, phone_ext)
VALUES (33, 'Stella', 'Wilder', TO_DATE('1979-01-06', 'YYYY-MM-DD'), 980804790, 506);
INSERT INTO person (person_id, first_name, last_name, birth_date, phone, phone_ext)
VALUES (34, 'Carlos', 'Townsend', TO_DATE('1983-01-21', 'YYYY-MM-DD'), 695979314, NULL);
INSERT INTO person (person_id, first_name, last_name, birth_date, phone, phone_ext)
VALUES (35, 'Kayla', 'Bryant', TO_DATE('1990-02-02', 'YYYY-MM-DD'), 006080040, 133);
INSERT INTO person (person_id, first_name, last_name, birth_date, phone, phone_ext)
VALUES (36, 'Kayla', 'Pierce', TO_DATE('1996-07-10', 'YYYY-MM-DD'), 306590858, NULL);
INSERT INTO person (person_id, first_name, last_name, birth_date, phone, phone_ext)
VALUES (37, 'Jonathan', 'Levy', TO_DATE('1992-03-07', 'YYYY-MM-DD'), 523753113, NULL);
INSERT INTO person (person_id, first_name, last_name, birth_date, phone, phone_ext)
VALUES (38, 'Kevin', 'Webster', TO_DATE('1973-04-09', 'YYYY-MM-DD'), 008840534, NULL);
INSERT INTO person (person_id, first_name, last_name, birth_date, phone, phone_ext)
VALUES (39, 'London', 'Albert', TO_DATE('1979-12-21', 'YYYY-MM-DD'), 846378230, NULL);
INSERT INTO person (person_id, first_name, last_name, birth_date, phone, phone_ext)
VALUES (40, 'Jonathan', 'Tyler', TO_DATE('1947-01-27', 'YYYY-MM-DD'), 580354824, NULL);
INSERT INTO person (person_id, first_name, last_name, birth_date, phone, phone_ext)
VALUES (41, 'Grace', 'Downs', TO_DATE('2000-01-22', 'YYYY-MM-DD'), 194701363, NULL);
INSERT INTO person (person_id, first_name, last_name, birth_date, phone, phone_ext)
VALUES (42, 'Oliver', 'Mccall', TO_DATE('1951-11-01', 'YYYY-MM-DD'), 391402010, 817);
INSERT INTO person (person_id, first_name, last_name, birth_date, phone, phone_ext)
VALUES (43, 'Gavin', 'David', TO_DATE('1962-03-07', 'YYYY-MM-DD'), 917165035, NULL);
INSERT INTO person (person_id, first_name, last_name, birth_date, phone, phone_ext)
VALUES (44, 'Maya', 'Cole', TO_DATE('1957-03-23', 'YYYY-MM-DD'), 106881383, NULL);
INSERT INTO person (person_id, first_name, last_name, birth_date, phone, phone_ext)
VALUES (45, 'Joseph', 'Thornton', TO_DATE('1963-05-18', 'YYYY-MM-DD'), 558142679, NULL);
INSERT INTO person (person_id, first_name, last_name, birth_date, phone, phone_ext)
VALUES (46, 'Scarlett', 'Giles', TO_DATE('1921-12-25', 'YYYY-MM-DD'), 267977042, NULL);
INSERT INTO person (person_id, first_name, last_name, birth_date, phone, phone_ext)
VALUES (47, 'Brody', 'Erickson', TO_DATE('1965-12-25', 'YYYY-MM-DD'), 645596710, NULL);
INSERT INTO person (person_id, first_name, last_name, birth_date, phone, phone_ext)
VALUES (48, 'Bentley', 'Sharpe', TO_DATE('1966-02-27', 'YYYY-MM-DD'), 321102518, NULL);
INSERT INTO person (person_id, first_name, last_name, birth_date, phone, phone_ext)
VALUES (49, 'Emma', 'Pugh', TO_DATE('1977-02-02', 'YYYY-MM-DD'), 981719098, NULL);
INSERT INTO person (person_id, first_name, last_name, birth_date, phone, phone_ext)
VALUES (50, 'Hunter', 'Peters', TO_DATE('1954-08-03', 'YYYY-MM-DD'), 776254548, NULL);
INSERT INTO person (person_id, first_name, last_name, birth_date, phone, phone_ext)
VALUES (51, 'Gavin', 'Mcdaniel', TO_DATE('1970-11-16', 'YYYY-MM-DD'), 329575994, NULL);
INSERT INTO person (person_id, first_name, last_name, birth_date, phone, phone_ext)
VALUES (52, 'Naomi', 'Sharpe', TO_DATE('1966-06-30', 'YYYY-MM-DD'), 148903144, NULL);
INSERT INTO person (person_id, first_name, last_name, birth_date, phone, phone_ext)
VALUES (53, 'Lily', 'Mccarthy', TO_DATE('1999-09-25', 'YYYY-MM-DD'), 368847891, NULL);
INSERT INTO person (person_id, first_name, last_name, birth_date, phone, phone_ext)
VALUES (54, 'Henry', 'Lambert', TO_DATE('1980-09-18', 'YYYY-MM-DD'), 255274178, NULL);
INSERT INTO person (person_id, first_name, last_name, birth_date, phone, phone_ext)
VALUES (55, 'Allison', 'Sanders', TO_DATE('1941-06-22', 'YYYY-MM-DD'), 981011207, NULL);
INSERT INTO person (person_id, first_name, last_name, birth_date, phone, phone_ext)
VALUES (56, 'Dylan', 'Best', TO_DATE('1937-10-25', 'YYYY-MM-DD'), 626047389, 824599);
INSERT INTO person (person_id, first_name, last_name, birth_date, phone, phone_ext)
VALUES (57, 'Gabriel', 'Frye', TO_DATE('1943-07-26', 'YYYY-MM-DD'), 154241831, NULL);
INSERT INTO person (person_id, first_name, last_name, birth_date, phone, phone_ext)
VALUES (58, 'David', 'Pierce', TO_DATE('1932-03-08', 'YYYY-MM-DD'), 083394707, NULL);
INSERT INTO person (person_id, first_name, last_name, birth_date, phone, phone_ext)
VALUES (59, 'Alexander', 'Dean', TO_DATE('1953-10-13', 'YYYY-MM-DD'), 496931508, NULL);
INSERT INTO person (person_id, first_name, last_name, birth_date, phone, phone_ext)
VALUES (60, 'Evelyn', 'Donovan', TO_DATE('1965-04-22', 'YYYY-MM-DD'), 328670393, 180);
INSERT INTO person (person_id, first_name, last_name, birth_date, phone, phone_ext)
VALUES (61, 'Ellie', 'Graham', TO_DATE('2001-01-13', 'YYYY-MM-DD'), 889392494, NULL);
INSERT INTO person (person_id, first_name, last_name, birth_date, phone, phone_ext)
VALUES (62, 'Hudson', 'Nguyen', TO_DATE('1927-02-04', 'YYYY-MM-DD'), 615599635, 78);
INSERT INTO person (person_id, first_name, last_name, birth_date, phone, phone_ext)
VALUES (63, 'Hudson', 'Whitehead', TO_DATE('1962-11-17', 'YYYY-MM-DD'), 866796320, NULL);
INSERT INTO person (person_id, first_name, last_name, birth_date, phone, phone_ext)
VALUES (64, 'Ariana', 'Beasley', TO_DATE('1921-04-09', 'YYYY-MM-DD'), 426482490, NULL);
INSERT INTO person (person_id, first_name, last_name, birth_date, phone, phone_ext)
VALUES (65, 'Cooper', 'Hopkins', TO_DATE('1986-07-28', 'YYYY-MM-DD'), 308321277, NULL);
INSERT INTO person (person_id, first_name, last_name, birth_date, phone, phone_ext)
VALUES (66, 'Isabella', 'Beck', TO_DATE('1992-06-02', 'YYYY-MM-DD'), 046219319, NULL);
INSERT INTO person (person_id, first_name, last_name, birth_date, phone, phone_ext)
VALUES (67, 'Brooklyn', 'Harrell', TO_DATE('1974-04-21', 'YYYY-MM-DD'), 474889997, NULL);
INSERT INTO person (person_id, first_name, last_name, birth_date, phone, phone_ext)
VALUES (68, 'Andrea', 'Leonard', TO_DATE('1937-01-07', 'YYYY-MM-DD'), 056161583, NULL);
INSERT INTO person (person_id, first_name, last_name, birth_date, phone, phone_ext)
VALUES (69, 'London', 'Best', TO_DATE('1991-11-26', 'YYYY-MM-DD'), 498283786, NULL);
INSERT INTO person (person_id, first_name, last_name, birth_date, phone, phone_ext)
VALUES (70, 'Jace', 'Acevedo', TO_DATE('1991-06-15', 'YYYY-MM-DD'), 252102213, NULL);
INSERT INTO person (person_id, first_name, last_name, birth_date, phone, phone_ext)
VALUES (71, 'Melanie', 'Dominguez', TO_DATE('1987-08-20', 'YYYY-MM-DD'), 410088665, NULL);
INSERT INTO person (person_id, first_name, last_name, birth_date, phone, phone_ext)
VALUES (72, 'Ayden', 'Mendez', TO_DATE('1946-11-18', 'YYYY-MM-DD'), 593772212, NULL);
INSERT INTO person (person_id, first_name, last_name, birth_date, phone, phone_ext)
VALUES (73, 'Hudson', 'Leach', TO_DATE('1921-12-12', 'YYYY-MM-DD'), 588405181, NULL);
INSERT INTO person (person_id, first_name, last_name, birth_date, phone, phone_ext)
VALUES (74, 'Mia', 'King', TO_DATE('2000-10-10', 'YYYY-MM-DD'), 170441882, NULL);
INSERT INTO person (person_id, first_name, last_name, birth_date, phone, phone_ext)
VALUES (75, 'Naomi', 'Nicholson', TO_DATE('1974-12-10', 'YYYY-MM-DD'), 272425051, NULL);
INSERT INTO person (person_id, first_name, last_name, birth_date, phone, phone_ext)
VALUES (76, 'Jasmine', 'Alston', TO_DATE('1995-09-13', 'YYYY-MM-DD'), 110404732, NULL);
INSERT INTO person (person_id, first_name, last_name, birth_date, phone, phone_ext)
VALUES (77, 'Damian', 'Barton', TO_DATE('1945-09-01', 'YYYY-MM-DD'), 737942212, NULL);
INSERT INTO person (person_id, first_name, last_name, birth_date, phone, phone_ext)
VALUES (78, 'Ian', 'Floyd', TO_DATE('1934-07-17', 'YYYY-MM-DD'), 366255936, NULL);
INSERT INTO person (person_id, first_name, last_name, birth_date, phone, phone_ext)
VALUES (79, 'Damian', 'Serrano', TO_DATE('1998-08-28', 'YYYY-MM-DD'), 683367704, NULL);
INSERT INTO person (person_id, first_name, last_name, birth_date, phone, phone_ext)
VALUES (80, 'Arianna', 'Rich', TO_DATE('1985-05-10', 'YYYY-MM-DD'), 188465809, 972);
INSERT INTO person (person_id, first_name, last_name, birth_date, phone, phone_ext)
VALUES (81, 'Luis', 'Harris', TO_DATE('1975-01-22', 'YYYY-MM-DD'), 351840515, NULL);
INSERT INTO person (person_id, first_name, last_name, birth_date, phone, phone_ext)
VALUES (82, 'Grace', 'Roman', TO_DATE('1978-07-28', 'YYYY-MM-DD'), 954972502, NULL);
INSERT INTO person (person_id, first_name, last_name, birth_date, phone, phone_ext)
VALUES (83, 'Abigail', 'Harding', TO_DATE('1940-02-15', 'YYYY-MM-DD'), 668691238, NULL);
INSERT INTO person (person_id, first_name, last_name, birth_date, phone, phone_ext)
VALUES (84, 'Luis', 'Finley', TO_DATE('1925-10-23', 'YYYY-MM-DD'), 798156601, NULL);
INSERT INTO person (person_id, first_name, last_name, birth_date, phone, phone_ext)
VALUES (85, 'Andrea', 'Ford', TO_DATE('1982-02-13', 'YYYY-MM-DD'), 897094739, NULL);
INSERT INTO person (person_id, first_name, last_name, birth_date, phone, phone_ext)
VALUES (86, 'Zachary', 'Hurst', TO_DATE('1930-10-07', 'YYYY-MM-DD'), 751354020, 670);
INSERT INTO person (person_id, first_name, last_name, birth_date, phone, phone_ext)
VALUES (87, 'Claire', 'Gordon', TO_DATE('1964-07-13', 'YYYY-MM-DD'), 985053743, NULL);
INSERT INTO person (person_id, first_name, last_name, birth_date, phone, phone_ext)
VALUES (88, 'Anna', 'Mckenzie', TO_DATE('1986-08-10', 'YYYY-MM-DD'), 021380521, NULL);
INSERT INTO person (person_id, first_name, last_name, birth_date, phone, phone_ext)
VALUES (89, 'Violet', 'Jensen', TO_DATE('1953-09-15', 'YYYY-MM-DD'), 405630829, NULL);
INSERT INTO person (person_id, first_name, last_name, birth_date, phone, phone_ext)
VALUES (90, 'Kayla', 'Poole', TO_DATE('1992-09-17', 'YYYY-MM-DD'), 436985171, NULL);
INSERT INTO person (person_id, first_name, last_name, birth_date, phone, phone_ext)
VALUES (91, 'Ian', 'West', TO_DATE('1997-06-07', 'YYYY-MM-DD'), 783663806, NULL);
INSERT INTO person (person_id, first_name, last_name, birth_date, phone, phone_ext)
VALUES (92, 'Hudson', 'Burks', TO_DATE('1995-08-15', 'YYYY-MM-DD'), 762111050, 604);
INSERT INTO person (person_id, first_name, last_name, birth_date, phone, phone_ext)
VALUES (93, 'Jonathan', 'Meyers', TO_DATE('1944-12-09', 'YYYY-MM-DD'), 121443540, NULL);
INSERT INTO person (person_id, first_name, last_name, birth_date, phone, phone_ext)
VALUES (94, 'Jasmine', 'Knox', TO_DATE('1959-01-27', 'YYYY-MM-DD'), 424544329, 826780);
INSERT INTO person (person_id, first_name, last_name, birth_date, phone, phone_ext)
VALUES (95, 'Olivia', 'Roy', TO_DATE('1942-10-15', 'YYYY-MM-DD'), 035401458, NULL);
INSERT INTO person (person_id, first_name, last_name, birth_date, phone, phone_ext)
VALUES (96, 'Claire', 'Gibson', TO_DATE('1968-09-25', 'YYYY-MM-DD'), 134967328, NULL);
INSERT INTO person (person_id, first_name, last_name, birth_date, phone, phone_ext)
VALUES (97, 'Xavier', 'Mercer', TO_DATE('1954-05-25', 'YYYY-MM-DD'), 352268574, NULL);
INSERT INTO person (person_id, first_name, last_name, birth_date, phone, phone_ext)
VALUES (98, 'Morgan', 'Mcknight', TO_DATE('1943-01-23', 'YYYY-MM-DD'), 969336402, NULL);
INSERT INTO person (person_id, first_name, last_name, birth_date, phone, phone_ext)
VALUES (99, 'Cameron', 'Booker', TO_DATE('1943-06-03', 'YYYY-MM-DD'), 841826297, 141);
INSERT INTO person (person_id, first_name, last_name, birth_date, phone, phone_ext)
VALUES (100, 'Alexander', 'Neal', TO_DATE('1945-09-02', 'YYYY-MM-DD'), 724447193, NULL);
INSERT INTO person (person_id, first_name, last_name, birth_date, phone, phone_ext)
VALUES (101, 'Sofia', 'Stanton', TO_DATE('1948-04-08', 'YYYY-MM-DD'), 857101084, NULL);
INSERT INTO person (person_id, first_name, last_name, birth_date, phone, phone_ext)
VALUES (102, 'Cameron', 'Bruce', TO_DATE('1982-05-05', 'YYYY-MM-DD'), 681851521, NULL);
INSERT INTO person (person_id, first_name, last_name, birth_date, phone, phone_ext)
VALUES (103, 'Ellie', 'Decker', TO_DATE('1923-04-26', 'YYYY-MM-DD'), 096943225, NULL);
INSERT INTO person (person_id, first_name, last_name, birth_date, phone, phone_ext)
VALUES (104, 'Scarlett', 'Weiss', TO_DATE('1958-08-08', 'YYYY-MM-DD'), 978135735, NULL);
INSERT INTO person (person_id, first_name, last_name, birth_date, phone, phone_ext)
VALUES (105, 'Logan', 'Bray', TO_DATE('1982-04-06', 'YYYY-MM-DD'), 756866851, NULL);
INSERT INTO person (person_id, first_name, last_name, birth_date, phone, phone_ext)
VALUES (106, 'Annabelle', 'Dodson', TO_DATE('1973-02-26', 'YYYY-MM-DD'), 597726185, NULL);
INSERT INTO person (person_id, first_name, last_name, birth_date, phone, phone_ext)
VALUES (107, 'Isaac', 'Montoya', TO_DATE('1943-08-08', 'YYYY-MM-DD'), 034579857, NULL);
INSERT INTO person (person_id, first_name, last_name, birth_date, phone, phone_ext)
VALUES (108, 'Cameron', 'Ortega', TO_DATE('1950-11-05', 'YYYY-MM-DD'), 566438419, NULL);
INSERT INTO person (person_id, first_name, last_name, birth_date, phone, phone_ext)
VALUES (109, 'Hunter', 'Case', TO_DATE('1928-03-05', 'YYYY-MM-DD'), 998033574, NULL);
INSERT INTO person (person_id, first_name, last_name, birth_date, phone, phone_ext)
VALUES (110, 'Maya', 'Cross', TO_DATE('1949-02-07', 'YYYY-MM-DD'), 353240520, NULL);
INSERT INTO person (person_id, first_name, last_name, birth_date, phone, phone_ext)
VALUES (111, 'Chase', 'Wade', TO_DATE('1937-07-17', 'YYYY-MM-DD'), 745529257, NULL);
INSERT INTO person (person_id, first_name, last_name, birth_date, phone, phone_ext)
VALUES (112, 'Sebastian', 'Guy', TO_DATE('1990-07-13', 'YYYY-MM-DD'), 003535586, NULL);
INSERT INTO person (person_id, first_name, last_name, birth_date, phone, phone_ext)
VALUES (113, 'Jason', 'Hensley', TO_DATE('1984-09-20', 'YYYY-MM-DD'), 132746850, NULL);
INSERT INTO person (person_id, first_name, last_name, birth_date, phone, phone_ext)
VALUES (114, 'Ariana', 'Martinez', TO_DATE('1962-01-26', 'YYYY-MM-DD'), 713915921, NULL);
INSERT INTO person (person_id, first_name, last_name, birth_date, phone, phone_ext)
VALUES (115, 'Tyler', 'Sanders', TO_DATE('2001-05-13', 'YYYY-MM-DD'), 052705501, NULL);
INSERT INTO person (person_id, first_name, last_name, birth_date, phone, phone_ext)
VALUES (116, 'Gianna', 'Valdez', TO_DATE('1942-02-04', 'YYYY-MM-DD'), 506318202, NULL);
INSERT INTO person (person_id, first_name, last_name, birth_date, phone, phone_ext)
VALUES (117, 'Andrew', 'Gay', TO_DATE('1961-06-25', 'YYYY-MM-DD'), 983704165, NULL);
INSERT INTO person (person_id, first_name, last_name, birth_date, phone, phone_ext)
VALUES (118, 'Gabriel', 'Gilliam', TO_DATE('1934-07-25', 'YYYY-MM-DD'), 102932931, NULL);
INSERT INTO person (person_id, first_name, last_name, birth_date, phone, phone_ext)
VALUES (119, 'Eli', 'Foreman', TO_DATE('1976-11-30', 'YYYY-MM-DD'), 227016497, NULL);
INSERT INTO person (person_id, first_name, last_name, birth_date, phone, phone_ext)
VALUES (120, 'Eli', 'Mccarthy', TO_DATE('1927-09-08', 'YYYY-MM-DD'), 334778558, NULL);
INSERT INTO person (person_id, first_name, last_name, birth_date, phone, phone_ext)
VALUES (121, 'Bella', 'Kennedy', TO_DATE('1930-01-09', 'YYYY-MM-DD'), 361378269, NULL);
INSERT INTO person (person_id, first_name, last_name, birth_date, phone, phone_ext)
VALUES (122, 'Michael', 'Walsh', TO_DATE('1980-03-18', 'YYYY-MM-DD'), 688694269, NULL);
INSERT INTO person (person_id, first_name, last_name, birth_date, phone, phone_ext)
VALUES (123, 'Lydia', 'Clark', TO_DATE('1977-06-19', 'YYYY-MM-DD'), 925071542, NULL);
INSERT INTO person (person_id, first_name, last_name, birth_date, phone, phone_ext)
VALUES (124, 'Peyton', 'Hampton', TO_DATE('1933-04-27', 'YYYY-MM-DD'), 062669214, NULL);
INSERT INTO person (person_id, first_name, last_name, birth_date, phone, phone_ext)
VALUES (125, 'Andrew', 'Duke', TO_DATE('1997-08-04', 'YYYY-MM-DD'), 021589932, NULL);
INSERT INTO person (person_id, first_name, last_name, birth_date, phone, phone_ext)
VALUES (126, 'Alexa', 'Vincent', TO_DATE('1930-11-12', 'YYYY-MM-DD'), 309416382, NULL);
INSERT INTO person (person_id, first_name, last_name, birth_date, phone, phone_ext)
VALUES (127, 'Juan', 'Delaney', TO_DATE('1933-12-28', 'YYYY-MM-DD'), 519582662, NULL);
INSERT INTO person (person_id, first_name, last_name, birth_date, phone, phone_ext)
VALUES (128, 'Annabelle', 'Bentley', TO_DATE('1934-02-23', 'YYYY-MM-DD'), 398991784, NULL);
INSERT INTO person (person_id, first_name, last_name, birth_date, phone, phone_ext)
VALUES (129, 'Gabriella', 'Fowler', TO_DATE('1975-06-04', 'YYYY-MM-DD'), 790265221, NULL);
INSERT INTO person (person_id, first_name, last_name, birth_date, phone, phone_ext)
VALUES (130, 'Jayden', 'Paul', TO_DATE('1968-04-27', 'YYYY-MM-DD'), 600017709, NULL);
INSERT INTO person (person_id, first_name, last_name, birth_date, phone, phone_ext)
VALUES (131, 'Sarah', 'Mccall', TO_DATE('1994-05-27', 'YYYY-MM-DD'), 127088406, NULL);
INSERT INTO person (person_id, first_name, last_name, birth_date, phone, phone_ext)
VALUES (132, 'Layla', 'Hyde', TO_DATE('1927-03-02', 'YYYY-MM-DD'), 355105052, NULL);
INSERT INTO person (person_id, first_name, last_name, birth_date, phone, phone_ext)
VALUES (133, 'Luis', 'Erickson', TO_DATE('1959-08-20', 'YYYY-MM-DD'), 474329976, NULL);
INSERT INTO person (person_id, first_name, last_name, birth_date, phone, phone_ext)
VALUES (134, 'Kayla', 'Gomez', TO_DATE('1945-09-03', 'YYYY-MM-DD'), 050571589, NULL);
INSERT INTO person (person_id, first_name, last_name, birth_date, phone, phone_ext)
VALUES (135, 'Lydia', 'Macias', TO_DATE('1989-12-14', 'YYYY-MM-DD'), 307680948, NULL);
INSERT INTO person (person_id, first_name, last_name, birth_date, phone, phone_ext)
VALUES (136, 'Kevin', 'Cochran', TO_DATE('1927-03-11', 'YYYY-MM-DD'), 250144639, NULL);
INSERT INTO person (person_id, first_name, last_name, birth_date, phone, phone_ext)
VALUES (137, 'Kayla', 'Sweet', TO_DATE('1971-11-02', 'YYYY-MM-DD'), 469990588, NULL);
INSERT INTO person (person_id, first_name, last_name, birth_date, phone, phone_ext)
VALUES (138, 'Lucas', 'Walsh', TO_DATE('1933-04-18', 'YYYY-MM-DD'), 090308401, 244);
INSERT INTO person (person_id, first_name, last_name, birth_date, phone, phone_ext)
VALUES (139, 'Harper', 'Mccall', TO_DATE('1979-09-21', 'YYYY-MM-DD'), 677226122, NULL);
INSERT INTO person (person_id, first_name, last_name, birth_date, phone, phone_ext)
VALUES (140, 'Scarlett', 'Bright', TO_DATE('1965-06-05', 'YYYY-MM-DD'), 131976028, 407331);
INSERT INTO person (person_id, first_name, last_name, birth_date, phone, phone_ext)
VALUES (141, 'Easton', 'Banks', TO_DATE('2000-11-02', 'YYYY-MM-DD'), 561278425, NULL);
INSERT INTO person (person_id, first_name, last_name, birth_date, phone, phone_ext)
VALUES (142, 'Thomas', 'Colon', TO_DATE('1958-06-21', 'YYYY-MM-DD'), 478341681, NULL);
INSERT INTO person (person_id, first_name, last_name, birth_date, phone, phone_ext)
VALUES (143, 'Dylan', 'Buckley', TO_DATE('1968-07-24', 'YYYY-MM-DD'), 531675159, NULL);
INSERT INTO person (person_id, first_name, last_name, birth_date, phone, phone_ext)
VALUES (144, 'Adam', 'Davidson', TO_DATE('1965-03-19', 'YYYY-MM-DD'), 368806945, NULL);
INSERT INTO person (person_id, first_name, last_name, birth_date, phone, phone_ext)
VALUES (145, 'Serenity', 'Joyner', TO_DATE('1991-01-12', 'YYYY-MM-DD'), 372983613, NULL);
INSERT INTO person (person_id, first_name, last_name, birth_date, phone, phone_ext)
VALUES (146, 'Liam', 'Middleton', TO_DATE('1978-02-01', 'YYYY-MM-DD'), 777611919, NULL);
INSERT INTO person (person_id, first_name, last_name, birth_date, phone, phone_ext)
VALUES (147, 'Mackenzie', 'Lambert', TO_DATE('1937-02-11', 'YYYY-MM-DD'), 645526605, NULL);
INSERT INTO person (person_id, first_name, last_name, birth_date, phone, phone_ext)
VALUES (148, 'Kennedy', 'Wells', TO_DATE('1940-08-02', 'YYYY-MM-DD'), 077664769, NULL);
INSERT INTO person (person_id, first_name, last_name, birth_date, phone, phone_ext)
VALUES (149, 'Abigail', 'Burks', TO_DATE('1996-05-04', 'YYYY-MM-DD'), 703904155, NULL);
INSERT INTO person (person_id, first_name, last_name, birth_date, phone, phone_ext)
VALUES (150, 'Kimberly', 'Hardy', TO_DATE('1976-01-03', 'YYYY-MM-DD'), 138765623, NULL);
INSERT INTO person (person_id, first_name, last_name, birth_date, phone, phone_ext)
VALUES (151, 'Noah', 'Oneil', TO_DATE('1942-09-05', 'YYYY-MM-DD'), 509161965, NULL);
INSERT INTO person (person_id, first_name, last_name, birth_date, phone, phone_ext)
VALUES (152, 'Sophia', 'Bond', TO_DATE('1927-07-19', 'YYYY-MM-DD'), 698777173, NULL);
INSERT INTO person (person_id, first_name, last_name, birth_date, phone, phone_ext)
VALUES (153, 'Nicholas', 'Ball', TO_DATE('1927-09-15', 'YYYY-MM-DD'), 159777571, 14970);
INSERT INTO person (person_id, first_name, last_name, birth_date, phone, phone_ext)
VALUES (154, 'Robert', 'Simon', TO_DATE('1920-02-12', 'YYYY-MM-DD'), 236716121, 224);
INSERT INTO person (person_id, first_name, last_name, birth_date, phone, phone_ext)
VALUES (155, 'Andrea', 'Navarro', TO_DATE('1967-06-11', 'YYYY-MM-DD'), 535782772, NULL);
INSERT INTO person (person_id, first_name, last_name, birth_date, phone, phone_ext)
VALUES (156, 'Sebastian', 'Lane', TO_DATE('1963-09-04', 'YYYY-MM-DD'), 510596249, NULL);
INSERT INTO person (person_id, first_name, last_name, birth_date, phone, phone_ext)
VALUES (157, 'Violet', 'Mcfadden', TO_DATE('1925-07-19', 'YYYY-MM-DD'), 108684038, NULL);
INSERT INTO person (person_id, first_name, last_name, birth_date, phone, phone_ext)
VALUES (158, 'Caroline', 'Slater', TO_DATE('1927-03-14', 'YYYY-MM-DD'), 783156585, NULL);
INSERT INTO person (person_id, first_name, last_name, birth_date, phone, phone_ext)
VALUES (159, 'Lydia', 'Allison', TO_DATE('1989-11-27', 'YYYY-MM-DD'), 782701806, NULL);
INSERT INTO person (person_id, first_name, last_name, birth_date, phone, phone_ext)
VALUES (160, 'Adrian', 'Rivers', TO_DATE('1984-10-05', 'YYYY-MM-DD'), 219312311, NULL);
INSERT INTO person (person_id, first_name, last_name, birth_date, phone, phone_ext)
VALUES (161, 'Hunter', 'Vincent', TO_DATE('1950-07-02', 'YYYY-MM-DD'), 604235566, NULL);
INSERT INTO person (person_id, first_name, last_name, birth_date, phone, phone_ext)
VALUES (162, 'Gabriella', 'Rivas', TO_DATE('1943-06-18', 'YYYY-MM-DD'), 404895149, NULL);
INSERT INTO person (person_id, first_name, last_name, birth_date, phone, phone_ext)
VALUES (163, 'Aubree', 'Lane', TO_DATE('1982-04-20', 'YYYY-MM-DD'), 045202663, NULL);
INSERT INTO person (person_id, first_name, last_name, birth_date, phone, phone_ext)
VALUES (164, 'Angel', 'Randolph', TO_DATE('1930-09-24', 'YYYY-MM-DD'), 180511146, NULL);
INSERT INTO person (person_id, first_name, last_name, birth_date, phone, phone_ext)
VALUES (165, 'Serenity', 'Whitley', TO_DATE('1987-03-08', 'YYYY-MM-DD'), 236243716, NULL);
INSERT INTO person (person_id, first_name, last_name, birth_date, phone, phone_ext)
VALUES (166, 'Emily', 'Nielsen', TO_DATE('1951-09-15', 'YYYY-MM-DD'), 051874580, NULL);
INSERT INTO person (person_id, first_name, last_name, birth_date, phone, phone_ext)
VALUES (167, 'Emily', 'Blake', TO_DATE('1952-11-07', 'YYYY-MM-DD'), 358284339, NULL);
INSERT INTO person (person_id, first_name, last_name, birth_date, phone, phone_ext)
VALUES (168, 'Kaylee', 'Bryan', TO_DATE('1947-12-16', 'YYYY-MM-DD'), 788221607, NULL);
INSERT INTO person (person_id, first_name, last_name, birth_date, phone, phone_ext)
VALUES (169, 'Katherine', 'Robles', TO_DATE('1923-01-03', 'YYYY-MM-DD'), 648938298, NULL);
INSERT INTO person (person_id, first_name, last_name, birth_date, phone, phone_ext)
VALUES (170, 'Sydney', 'Saunders', TO_DATE('1940-07-30', 'YYYY-MM-DD'), 424780553, NULL);
INSERT INTO person (person_id, first_name, last_name, birth_date, phone, phone_ext)
VALUES (171, 'Katherine', 'Kline', TO_DATE('1998-08-28', 'YYYY-MM-DD'), 132442067, NULL);
INSERT INTO person (person_id, first_name, last_name, birth_date, phone, phone_ext)
VALUES (172, 'Bailey', 'Nicholson', TO_DATE('1962-12-15', 'YYYY-MM-DD'), 282947987, NULL);
INSERT INTO person (person_id, first_name, last_name, birth_date, phone, phone_ext)
VALUES (173, 'Joshua', 'Mclaughlin', TO_DATE('1998-10-03', 'YYYY-MM-DD'), 334155163, 275);
INSERT INTO person (person_id, first_name, last_name, birth_date, phone, phone_ext)
VALUES (174, 'Luke', 'Cameron', TO_DATE('1941-09-20', 'YYYY-MM-DD'), 922160633, NULL);
INSERT INTO person (person_id, first_name, last_name, birth_date, phone, phone_ext)
VALUES (175, 'Addison', 'Collins', TO_DATE('1922-07-21', 'YYYY-MM-DD'), 077565033, 305);
INSERT INTO person (person_id, first_name, last_name, birth_date, phone, phone_ext)
VALUES (176, 'Naomi', 'Irwin', TO_DATE('1944-02-17', 'YYYY-MM-DD'), 317026393, NULL);
INSERT INTO person (person_id, first_name, last_name, birth_date, phone, phone_ext)
VALUES (177, 'Hudson', 'Foley', TO_DATE('1931-11-15', 'YYYY-MM-DD'), 798104592, 579794);
INSERT INTO person (person_id, first_name, last_name, birth_date, phone, phone_ext)
VALUES (178, 'John', 'Hopper', TO_DATE('1944-09-19', 'YYYY-MM-DD'), 751039788, NULL);
INSERT INTO person (person_id, first_name, last_name, birth_date, phone, phone_ext)
VALUES (179, 'Noah', 'Carrillo', TO_DATE('1923-01-02', 'YYYY-MM-DD'), 570304322, 865937);
INSERT INTO person (person_id, first_name, last_name, birth_date, phone, phone_ext)
VALUES (180, 'Cooper', 'Decker', TO_DATE('1967-04-22', 'YYYY-MM-DD'), 764342541, NULL);
INSERT INTO person (person_id, first_name, last_name, birth_date, phone, phone_ext)
VALUES (181, 'Maya', 'Fitzpatrick', TO_DATE('1970-04-07', 'YYYY-MM-DD'), 738843384, NULL);
INSERT INTO person (person_id, first_name, last_name, birth_date, phone, phone_ext)
VALUES (182, 'Joseph', 'Sykes', TO_DATE('1935-06-15', 'YYYY-MM-DD'), 628071771, NULL);
INSERT INTO person (person_id, first_name, last_name, birth_date, phone, phone_ext)
VALUES (183, 'Faith', 'Bush', TO_DATE('1933-11-14', 'YYYY-MM-DD'), 551925584, NULL);
INSERT INTO person (person_id, first_name, last_name, birth_date, phone, phone_ext)
VALUES (184, 'Brooklyn', 'Randall', TO_DATE('1928-08-31', 'YYYY-MM-DD'), 286269003, 70);
INSERT INTO person (person_id, first_name, last_name, birth_date, phone, phone_ext)
VALUES (185, 'Alexis', 'Graham', TO_DATE('1948-10-30', 'YYYY-MM-DD'), 497463896, 120292);
INSERT INTO person (person_id, first_name, last_name, birth_date, phone, phone_ext)
VALUES (186, 'Emily', 'Lawrence', TO_DATE('1998-12-07', 'YYYY-MM-DD'), 143845858, NULL);
INSERT INTO person (person_id, first_name, last_name, birth_date, phone, phone_ext)
VALUES (187, 'Autumn', 'Soto', TO_DATE('1940-02-20', 'YYYY-MM-DD'), 143733201, NULL);
INSERT INTO person (person_id, first_name, last_name, birth_date, phone, phone_ext)
VALUES (188, 'Tyler', 'Cabrera', TO_DATE('1955-09-30', 'YYYY-MM-DD'), 371184587, NULL);
INSERT INTO person (person_id, first_name, last_name, birth_date, phone, phone_ext)
VALUES (189, 'Adam', 'Phillips', TO_DATE('1949-07-01', 'YYYY-MM-DD'), 140107550, NULL);
INSERT INTO person (person_id, first_name, last_name, birth_date, phone, phone_ext)
VALUES (190, 'Liam', 'Obrien', TO_DATE('1945-11-30', 'YYYY-MM-DD'), 701004883, NULL);
INSERT INTO person (person_id, first_name, last_name, birth_date, phone, phone_ext)
VALUES (191, 'Jackson', 'Medina', TO_DATE('2000-11-28', 'YYYY-MM-DD'), 920756562, NULL);
INSERT INTO person (person_id, first_name, last_name, birth_date, phone, phone_ext)
VALUES (192, 'Amelia', 'Gill', TO_DATE('1990-04-28', 'YYYY-MM-DD'), 972017509, NULL);
INSERT INTO person (person_id, first_name, last_name, birth_date, phone, phone_ext)
VALUES (193, 'Amelia', 'Howell', TO_DATE('1926-03-17', 'YYYY-MM-DD'), 719694095, NULL);
INSERT INTO person (person_id, first_name, last_name, birth_date, phone, phone_ext)
VALUES (194, 'Peyton', 'Rivers', TO_DATE('1980-11-14', 'YYYY-MM-DD'), 841666369, NULL);
INSERT INTO person (person_id, first_name, last_name, birth_date, phone, phone_ext)
VALUES (195, 'Genesis', 'Willis', TO_DATE('1987-05-30', 'YYYY-MM-DD'), 183131085, NULL);
INSERT INTO person (person_id, first_name, last_name, birth_date, phone, phone_ext)
VALUES (196, 'Khloe', 'Hudson', TO_DATE('1951-06-12', 'YYYY-MM-DD'), 727153913, NULL);
INSERT INTO person (person_id, first_name, last_name, birth_date, phone, phone_ext)
VALUES (197, 'Madison', 'Byrd', TO_DATE('1934-12-18', 'YYYY-MM-DD'), 631517924, NULL);
INSERT INTO person (person_id, first_name, last_name, birth_date, phone, phone_ext)
VALUES (198, 'Joseph', 'Evans', TO_DATE('1947-02-21', 'YYYY-MM-DD'), 653673856, NULL);
INSERT INTO person (person_id, first_name, last_name, birth_date, phone, phone_ext)
VALUES (199, 'Abigail', 'Mccarty', TO_DATE('1974-05-18', 'YYYY-MM-DD'), 334989168, NULL);
INSERT INTO person (person_id, first_name, last_name, birth_date, phone, phone_ext)
VALUES (200, 'Lillian', 'Ruiz', TO_DATE('1975-09-13', 'YYYY-MM-DD'), 256907318, NULL);

INSERT INTO employee (person_id, ssn, start_date, termination_date, employee_type_id, location_id, manager_id)
VALUES (151, 212444300, TO_DATE('2013-08-01', 'YYYY-MM-DD'), NULL, 6, 2, NULL);
INSERT INTO employee (person_id, ssn, start_date, termination_date, employee_type_id, location_id, manager_id)
VALUES (152, 655013565, NULL, NULL, 5, NULL, NULL);
INSERT INTO employee (person_id, ssn, start_date, termination_date, employee_type_id, location_id, manager_id)
VALUES (153, 849778031, TO_DATE('2018-08-15', 'YYYY-MM-DD'), TO_DATE('2018-09-21', 'YYYY-MM-DD'), 12, 2, NULL);
INSERT INTO employee (person_id, ssn, start_date, termination_date, employee_type_id, location_id, manager_id)
VALUES (154, 015739058, TO_DATE('2016-12-24', 'YYYY-MM-DD'), TO_DATE('2018-09-03', 'YYYY-MM-DD'), 8, 2, NULL);
INSERT INTO employee (person_id, ssn, start_date, termination_date, employee_type_id, location_id, manager_id)
VALUES (155, 768535218, NULL, NULL, 9, NULL, NULL);
INSERT INTO employee (person_id, ssn, start_date, termination_date, employee_type_id, location_id, manager_id)
VALUES (156, 883033198, TO_DATE('2010-10-21', 'YYYY-MM-DD'), NULL, 4, 2, NULL);
INSERT INTO employee (person_id, ssn, start_date, termination_date, employee_type_id, location_id, manager_id)
VALUES (157, 679584283, TO_DATE('2011-08-11', 'YYYY-MM-DD'), TO_DATE('2014-08-06', 'YYYY-MM-DD'), 1, 2, NULL);
INSERT INTO employee (person_id, ssn, start_date, termination_date, employee_type_id, location_id, manager_id)
VALUES (158, 086178861, TO_DATE('2013-11-16', 'YYYY-MM-DD'), TO_DATE('2019-08-13', 'YYYY-MM-DD'), 3, 1, NULL);
INSERT INTO employee (person_id, ssn, start_date, termination_date, employee_type_id, location_id, manager_id)
VALUES (159, 506280462, TO_DATE('2016-02-11', 'YYYY-MM-DD'), NULL, 3, 1, NULL);
INSERT INTO employee (person_id, ssn, start_date, termination_date, employee_type_id, location_id, manager_id)
VALUES (160, 475421100, TO_DATE('2016-01-15', 'YYYY-MM-DD'), TO_DATE('2016-10-05', 'YYYY-MM-DD'), 2, 1, NULL);
INSERT INTO employee (person_id, ssn, start_date, termination_date, employee_type_id, location_id, manager_id)
VALUES (161, 258623376, TO_DATE('2013-11-13', 'YYYY-MM-DD'), NULL, 1, 2, NULL);
INSERT INTO employee (person_id, ssn, start_date, termination_date, employee_type_id, location_id, manager_id)
VALUES (162, 459571739, TO_DATE('2010-12-10', 'YYYY-MM-DD'), TO_DATE('2011-06-01', 'YYYY-MM-DD'), 1, 2, NULL);
INSERT INTO employee (person_id, ssn, start_date, termination_date, employee_type_id, location_id, manager_id)
VALUES (163, 761998205, TO_DATE('2018-03-28', 'YYYY-MM-DD'), NULL, 6, 2, NULL);
INSERT INTO employee (person_id, ssn, start_date, termination_date, employee_type_id, location_id, manager_id)
VALUES (164, 898262436, TO_DATE('2015-03-03', 'YYYY-MM-DD'), NULL, 2, 1, NULL);
INSERT INTO employee (person_id, ssn, start_date, termination_date, employee_type_id, location_id, manager_id)
VALUES (165, 551915049, TO_DATE('2015-06-04', 'YYYY-MM-DD'), TO_DATE('2018-05-08', 'YYYY-MM-DD'), 7, 1, NULL);
INSERT INTO employee (person_id, ssn, start_date, termination_date, employee_type_id, location_id, manager_id)
VALUES (166, 355409169, TO_DATE('2012-10-13', 'YYYY-MM-DD'), NULL, 3, 2, NULL);
INSERT INTO employee (person_id, ssn, start_date, termination_date, employee_type_id, location_id, manager_id)
VALUES (167, 358065859, TO_DATE('2015-02-08', 'YYYY-MM-DD'), TO_DATE('2016-07-27', 'YYYY-MM-DD'), 7, 1, NULL);
INSERT INTO employee (person_id, ssn, start_date, termination_date, employee_type_id, location_id, manager_id)
VALUES (168, 458769775, TO_DATE('2019-06-29', 'YYYY-MM-DD'), TO_DATE('2020-01-27', 'YYYY-MM-DD'), 1, 2, NULL);
INSERT INTO employee (person_id, ssn, start_date, termination_date, employee_type_id, location_id, manager_id)
VALUES (169, 613442767, TO_DATE('2012-05-05', 'YYYY-MM-DD'), NULL, 2, 2, NULL);
INSERT INTO employee (person_id, ssn, start_date, termination_date, employee_type_id, location_id, manager_id)
VALUES (170, 248599745, TO_DATE('2011-01-24', 'YYYY-MM-DD'), NULL, 1, 1, NULL);
INSERT INTO employee (person_id, ssn, start_date, termination_date, employee_type_id, location_id, manager_id)
VALUES (171, 718027707, TO_DATE('2019-03-14', 'YYYY-MM-DD'), TO_DATE('2019-08-02', 'YYYY-MM-DD'), 1, 1, NULL);
INSERT INTO employee (person_id, ssn, start_date, termination_date, employee_type_id, location_id, manager_id)
VALUES (172, 515504123, TO_DATE('2010-07-16', 'YYYY-MM-DD'), TO_DATE('2016-04-06', 'YYYY-MM-DD'), 5, 1, NULL);
INSERT INTO employee (person_id, ssn, start_date, termination_date, employee_type_id, location_id, manager_id)
VALUES (173, 657782626, TO_DATE('2011-06-07', 'YYYY-MM-DD'), TO_DATE('2018-09-07', 'YYYY-MM-DD'), 12, 1, NULL);
INSERT INTO employee (person_id, ssn, start_date, termination_date, employee_type_id, location_id, manager_id)
VALUES (174, 704585802, TO_DATE('2019-07-01', 'YYYY-MM-DD'), NULL, 8, 1, NULL);
INSERT INTO employee (person_id, ssn, start_date, termination_date, employee_type_id, location_id, manager_id)
VALUES (175, 709070310, TO_DATE('2010-11-28', 'YYYY-MM-DD'), TO_DATE('2014-01-08', 'YYYY-MM-DD'), 15, 1, NULL);
INSERT INTO employee (person_id, ssn, start_date, termination_date, employee_type_id, location_id, manager_id)
VALUES (176, 612363265, TO_DATE('2014-09-23', 'YYYY-MM-DD'), TO_DATE('2019-12-17', 'YYYY-MM-DD'), 1, 1, NULL);
INSERT INTO employee (person_id, ssn, start_date, termination_date, employee_type_id, location_id, manager_id)
VALUES (177, 539276267, TO_DATE('2017-05-23', 'YYYY-MM-DD'), TO_DATE('2018-04-29', 'YYYY-MM-DD'), 8, 1, NULL);
INSERT INTO employee (person_id, ssn, start_date, termination_date, employee_type_id, location_id, manager_id)
VALUES (178, 751212123, TO_DATE('2016-08-06', 'YYYY-MM-DD'), NULL, 8, 1, NULL);
INSERT INTO employee (person_id, ssn, start_date, termination_date, employee_type_id, location_id, manager_id)
VALUES (179, 314591887, NULL, NULL, 2, NULL, NULL);
INSERT INTO employee (person_id, ssn, start_date, termination_date, employee_type_id, location_id, manager_id)
VALUES (180, 701488153, TO_DATE('2015-05-05', 'YYYY-MM-DD'), NULL, 6, 2, NULL);
INSERT INTO employee (person_id, ssn, start_date, termination_date, employee_type_id, location_id, manager_id)
VALUES (181, 093148166, TO_DATE('2018-01-12', 'YYYY-MM-DD'), TO_DATE('2018-12-11', 'YYYY-MM-DD'), 9, 1, NULL);
INSERT INTO employee (person_id, ssn, start_date, termination_date, employee_type_id, location_id, manager_id)
VALUES (182, 896681682, TO_DATE('2017-10-10', 'YYYY-MM-DD'), TO_DATE('2017-10-27', 'YYYY-MM-DD'), 8, 2, NULL);
INSERT INTO employee (person_id, ssn, start_date, termination_date, employee_type_id, location_id, manager_id)
VALUES (183, 756751810, TO_DATE('2015-12-15', 'YYYY-MM-DD'), NULL, 8, 2, NULL);
INSERT INTO employee (person_id, ssn, start_date, termination_date, employee_type_id, location_id, manager_id)
VALUES (184, 712490931, TO_DATE('2019-06-20', 'YYYY-MM-DD'), NULL, 12, 2, NULL);
INSERT INTO employee (person_id, ssn, start_date, termination_date, employee_type_id, location_id, manager_id)
VALUES (185, 128348367, TO_DATE('2017-10-01', 'YYYY-MM-DD'), TO_DATE('2018-09-27', 'YYYY-MM-DD'), 2, 2, NULL);
INSERT INTO employee (person_id, ssn, start_date, termination_date, employee_type_id, location_id, manager_id)
VALUES (186, 229417546, TO_DATE('2010-11-17', 'YYYY-MM-DD'), TO_DATE('2013-05-08', 'YYYY-MM-DD'), 1, 1, NULL);
INSERT INTO employee (person_id, ssn, start_date, termination_date, employee_type_id, location_id, manager_id)
VALUES (187, 500133725, TO_DATE('2014-02-06', 'YYYY-MM-DD'), TO_DATE('2017-03-08', 'YYYY-MM-DD'), 11, 1, NULL);
INSERT INTO employee (person_id, ssn, start_date, termination_date, employee_type_id, location_id, manager_id)
VALUES (188, 496410844, TO_DATE('2016-07-10', 'YYYY-MM-DD'), TO_DATE('2017-02-11', 'YYYY-MM-DD'), 4, 1, NULL);
INSERT INTO employee (person_id, ssn, start_date, termination_date, employee_type_id, location_id, manager_id)
VALUES (189, 701801003, TO_DATE('2018-06-09', 'YYYY-MM-DD'), TO_DATE('2019-10-24', 'YYYY-MM-DD'), 8, 1, NULL);
INSERT INTO employee (person_id, ssn, start_date, termination_date, employee_type_id, location_id, manager_id)
VALUES (190, 262070629, TO_DATE('2019-01-11', 'YYYY-MM-DD'), NULL, 5, 2, NULL);
INSERT INTO employee (person_id, ssn, start_date, termination_date, employee_type_id, location_id, manager_id)
VALUES (191, 451284975, TO_DATE('2012-06-28', 'YYYY-MM-DD'), NULL, 11, 1, NULL);
INSERT INTO employee (person_id, ssn, start_date, termination_date, employee_type_id, location_id, manager_id)
VALUES (192, 859224281, TO_DATE('2014-01-03', 'YYYY-MM-DD'), NULL, 5, 1, NULL);
INSERT INTO employee (person_id, ssn, start_date, termination_date, employee_type_id, location_id, manager_id)
VALUES (193, 363467053, NULL, NULL, 8, NULL, NULL);
INSERT INTO employee (person_id, ssn, start_date, termination_date, employee_type_id, location_id, manager_id)
VALUES (194, 322840161, TO_DATE('2018-09-04', 'YYYY-MM-DD'), TO_DATE('2019-03-17', 'YYYY-MM-DD'), 7, 1, NULL);
INSERT INTO employee (person_id, ssn, start_date, termination_date, employee_type_id, location_id, manager_id)
VALUES (195, 244108048, TO_DATE('2012-01-17', 'YYYY-MM-DD'), TO_DATE('2013-05-08', 'YYYY-MM-DD'), 7, 2, NULL);
INSERT INTO employee (person_id, ssn, start_date, termination_date, employee_type_id, location_id, manager_id)
VALUES (196, 848566313, TO_DATE('2012-10-06', 'YYYY-MM-DD'), TO_DATE('2017-11-22', 'YYYY-MM-DD'), 14, 1, NULL);
INSERT INTO employee (person_id, ssn, start_date, termination_date, employee_type_id, location_id, manager_id)
VALUES (197, 801766651, TO_DATE('2015-11-07', 'YYYY-MM-DD'), NULL, 1, 1, NULL);
INSERT INTO employee (person_id, ssn, start_date, termination_date, employee_type_id, location_id, manager_id)
VALUES (198, 254121369, TO_DATE('2019-10-01', 'YYYY-MM-DD'), NULL, 1, 2, NULL);
INSERT INTO employee (person_id, ssn, start_date, termination_date, employee_type_id, location_id, manager_id)
VALUES (199, 056170397, TO_DATE('2011-01-31', 'YYYY-MM-DD'), TO_DATE('2011-03-19', 'YYYY-MM-DD'), 8, 1, NULL);
INSERT INTO employee (person_id, ssn, start_date, termination_date, employee_type_id, location_id, manager_id)
VALUES (200, 085693200, TO_DATE('2015-01-09', 'YYYY-MM-DD'), NULL, 8, 2, NULL);

INSERT INTO guest (person_id, rewards_number, rewards_points)
VALUES (1, 492465285197, 0);
INSERT INTO guest (person_id, rewards_number, rewards_points)
VALUES (2, 852438797740, 0);
INSERT INTO guest (person_id, rewards_number, rewards_points)
VALUES (3, 089650640085, 0);
INSERT INTO guest (person_id, rewards_number, rewards_points)
VALUES (4, 291667574764, 0);
INSERT INTO guest (person_id, rewards_number, rewards_points)
VALUES (5, 918675137098, 0);
INSERT INTO guest (person_id, rewards_number, rewards_points)
VALUES (6, 788308099253, 0);
INSERT INTO guest (person_id, rewards_number, rewards_points)
VALUES (7, 362848777747, 0);
INSERT INTO guest (person_id, rewards_number, rewards_points)
VALUES (8, 562148119393, 0);
INSERT INTO guest (person_id, rewards_number, rewards_points)
VALUES (9, 990090697505, 0);
INSERT INTO guest (person_id, rewards_number, rewards_points)
VALUES (10, 010873032594, 0);
INSERT INTO guest (person_id, rewards_number, rewards_points)
VALUES (11, 214612927111, 0);
INSERT INTO guest (person_id, rewards_number, rewards_points)
VALUES (12, 597068186039, 0);
INSERT INTO guest (person_id, rewards_number, rewards_points)
VALUES (13, 855776773408, 0);
INSERT INTO guest (person_id, rewards_number, rewards_points)
VALUES (14, 345976178517, 0);
INSERT INTO guest (person_id, rewards_number, rewards_points)
VALUES (15, 837288071227, 0);
INSERT INTO guest (person_id, rewards_number, rewards_points)
VALUES (16, 676056219919, 0);
INSERT INTO guest (person_id, rewards_number, rewards_points)
VALUES (17, 310478323893, 0);
INSERT INTO guest (person_id, rewards_number, rewards_points)
VALUES (18, 498146883711, 0);
INSERT INTO guest (person_id, rewards_number, rewards_points)
VALUES (19, 157609122033, 0);
INSERT INTO guest (person_id, rewards_number, rewards_points)
VALUES (20, 616213209776, 0);
INSERT INTO guest (person_id, rewards_number, rewards_points)
VALUES (21, 802991752288, 0);
INSERT INTO guest (person_id, rewards_number, rewards_points)
VALUES (22, 414771145643, 0);
INSERT INTO guest (person_id, rewards_number, rewards_points)
VALUES (23, 759486356658, 0);
INSERT INTO guest (person_id, rewards_number, rewards_points)
VALUES (24, 341276340572, 0);
INSERT INTO guest (person_id, rewards_number, rewards_points)
VALUES (25, 158046024747, 0);
INSERT INTO guest (person_id, rewards_number, rewards_points)
VALUES (26, 003589826123, 0);
INSERT INTO guest (person_id, rewards_number, rewards_points)
VALUES (27, 372069894820, 0);
INSERT INTO guest (person_id, rewards_number, rewards_points)
VALUES (28, 820137454254, 0);
INSERT INTO guest (person_id, rewards_number, rewards_points)
VALUES (29, 170889411548, 0);
INSERT INTO guest (person_id, rewards_number, rewards_points)
VALUES (30, 406411713075, 0);
INSERT INTO guest (person_id, rewards_number, rewards_points)
VALUES (31, 037362521687, 0);
INSERT INTO guest (person_id, rewards_number, rewards_points)
VALUES (32, 002347378329, 0);
INSERT INTO guest (person_id, rewards_number, rewards_points)
VALUES (33, 147629534101, 0);
INSERT INTO guest (person_id, rewards_number, rewards_points)
VALUES (34, 831602836502, 0);
INSERT INTO guest (person_id, rewards_number, rewards_points)
VALUES (35, 970856922011, 0);
INSERT INTO guest (person_id, rewards_number, rewards_points)
VALUES (36, 159903321105, 0);
INSERT INTO guest (person_id, rewards_number, rewards_points)
VALUES (37, 789328566187, 0);
INSERT INTO guest (person_id, rewards_number, rewards_points)
VALUES (38, 022328520828, 0);
INSERT INTO guest (person_id, rewards_number, rewards_points)
VALUES (39, 987389634775, 0);
INSERT INTO guest (person_id, rewards_number, rewards_points)
VALUES (40, 655195776776, 0);
INSERT INTO guest (person_id, rewards_number, rewards_points)
VALUES (41, 962458039683, 0);
INSERT INTO guest (person_id, rewards_number, rewards_points)
VALUES (42, 461394830445, 0);
INSERT INTO guest (person_id, rewards_number, rewards_points)
VALUES (43, 849374732468, 0);
INSERT INTO guest (person_id, rewards_number, rewards_points)
VALUES (44, 745730439637, 0);
INSERT INTO guest (person_id, rewards_number, rewards_points)
VALUES (45, 431452302229, 0);
INSERT INTO guest (person_id, rewards_number, rewards_points)
VALUES (46, 872854022108, 0);
INSERT INTO guest (person_id, rewards_number, rewards_points)
VALUES (47, 610841480434, 0);
INSERT INTO guest (person_id, rewards_number, rewards_points)
VALUES (48, 841893741001, 0);
INSERT INTO guest (person_id, rewards_number, rewards_points)
VALUES (49, 438053127789, 0);
INSERT INTO guest (person_id, rewards_number, rewards_points)
VALUES (50, 702506925536, 0);
INSERT INTO guest (person_id, rewards_number, rewards_points)
VALUES (51, 269687887529, 0);
INSERT INTO guest (person_id, rewards_number, rewards_points)
VALUES (52, 974906675592, 0);
INSERT INTO guest (person_id, rewards_number, rewards_points)
VALUES (53, 097093798468, 0);
INSERT INTO guest (person_id, rewards_number, rewards_points)
VALUES (54, 565158851269, 0);
INSERT INTO guest (person_id, rewards_number, rewards_points)
VALUES (55, 934301311973, 0);
INSERT INTO guest (person_id, rewards_number, rewards_points)
VALUES (56, 602517140211, 0);
INSERT INTO guest (person_id, rewards_number, rewards_points)
VALUES (57, 078271561393, 0);
INSERT INTO guest (person_id, rewards_number, rewards_points)
VALUES (58, 863683674227, 0);
INSERT INTO guest (person_id, rewards_number, rewards_points)
VALUES (59, 299722019282, 0);
INSERT INTO guest (person_id, rewards_number, rewards_points)
VALUES (60, 888084912269, 0);
INSERT INTO guest (person_id, rewards_number, rewards_points)
VALUES (61, 861189002768, 0);
INSERT INTO guest (person_id, rewards_number, rewards_points)
VALUES (62, 536710030216, 0);
INSERT INTO guest (person_id, rewards_number, rewards_points)
VALUES (63, 750623543225, 0);
INSERT INTO guest (person_id, rewards_number, rewards_points)
VALUES (64, 285450856972, 0);
INSERT INTO guest (person_id, rewards_number, rewards_points)
VALUES (65, 615777572935, 0);
INSERT INTO guest (person_id, rewards_number, rewards_points)
VALUES (66, 308845558887, 0);
INSERT INTO guest (person_id, rewards_number, rewards_points)
VALUES (67, 883430660842, 0);
INSERT INTO guest (person_id, rewards_number, rewards_points)
VALUES (68, 832929801337, 0);
INSERT INTO guest (person_id, rewards_number, rewards_points)
VALUES (69, 204250285110, 0);
INSERT INTO guest (person_id, rewards_number, rewards_points)
VALUES (70, 794981936418, 0);
INSERT INTO guest (person_id, rewards_number, rewards_points)
VALUES (71, 097775369958, 0);
INSERT INTO guest (person_id, rewards_number, rewards_points)
VALUES (72, 578190190913, 0);
INSERT INTO guest (person_id, rewards_number, rewards_points)
VALUES (73, 447652833278, 0);
INSERT INTO guest (person_id, rewards_number, rewards_points)
VALUES (74, 161888834052, 0);
INSERT INTO guest (person_id, rewards_number, rewards_points)
VALUES (75, 686337109381, 0);
INSERT INTO guest (person_id, rewards_number, rewards_points)
VALUES (76, 063130869456, 0);
INSERT INTO guest (person_id, rewards_number, rewards_points)
VALUES (77, 102450632897, 0);
INSERT INTO guest (person_id, rewards_number, rewards_points)
VALUES (78, 332845952214, 0);
INSERT INTO guest (person_id, rewards_number, rewards_points)
VALUES (79, 947842712630, 0);
INSERT INTO guest (person_id, rewards_number, rewards_points)
VALUES (80, 128806195645, 0);
INSERT INTO guest (person_id, rewards_number, rewards_points)
VALUES (81, 497618264114, 0);
INSERT INTO guest (person_id, rewards_number, rewards_points)
VALUES (82, 078608572515, 0);
INSERT INTO guest (person_id, rewards_number, rewards_points)
VALUES (83, 853364641606, 0);
INSERT INTO guest (person_id, rewards_number, rewards_points)
VALUES (84, 134998538977, 0);
INSERT INTO guest (person_id, rewards_number, rewards_points)
VALUES (85, 536173955536, 0);
INSERT INTO guest (person_id, rewards_number, rewards_points)
VALUES (86, 842281732240, 0);
INSERT INTO guest (person_id, rewards_number, rewards_points)
VALUES (87, 404783119650, 0);
INSERT INTO guest (person_id, rewards_number, rewards_points)
VALUES (88, 909520709688, 0);
INSERT INTO guest (person_id, rewards_number, rewards_points)
VALUES (89, 054719637398, 0);
INSERT INTO guest (person_id, rewards_number, rewards_points)
VALUES (90, 715070062531, 0);
INSERT INTO guest (person_id, rewards_number, rewards_points)
VALUES (91, 143564610062, 0);
INSERT INTO guest (person_id, rewards_number, rewards_points)
VALUES (92, 621447583096, 0);
INSERT INTO guest (person_id, rewards_number, rewards_points)
VALUES (93, 995959900780, 0);
INSERT INTO guest (person_id, rewards_number, rewards_points)
VALUES (94, 974228823906, 0);
INSERT INTO guest (person_id, rewards_number, rewards_points)
VALUES (95, 664601026454, 0);
INSERT INTO guest (person_id, rewards_number, rewards_points)
VALUES (96, 430143793302, 0);
INSERT INTO guest (person_id, rewards_number, rewards_points)
VALUES (97, 385022886700, 0);
INSERT INTO guest (person_id, rewards_number, rewards_points)
VALUES (98, 648320604232, 0);
INSERT INTO guest (person_id, rewards_number, rewards_points)
VALUES (99, 913230021210, 0);
INSERT INTO guest (person_id, rewards_number, rewards_points)
VALUES (100, 253178225100, 0);
INSERT INTO guest (person_id, rewards_number, rewards_points)
VALUES (101, 608975168890, 0);
INSERT INTO guest (person_id, rewards_number, rewards_points)
VALUES (102, 744820845859, 0);
INSERT INTO guest (person_id, rewards_number, rewards_points)
VALUES (103, 233516781632, 0);
INSERT INTO guest (person_id, rewards_number, rewards_points)
VALUES (104, 567457060812, 0);
INSERT INTO guest (person_id, rewards_number, rewards_points)
VALUES (105, 549755763355, 0);
INSERT INTO guest (person_id, rewards_number, rewards_points)
VALUES (106, 758408732784, 0);
INSERT INTO guest (person_id, rewards_number, rewards_points)
VALUES (107, 366645692599, 0);
INSERT INTO guest (person_id, rewards_number, rewards_points)
VALUES (108, 410300037668, 0);
INSERT INTO guest (person_id, rewards_number, rewards_points)
VALUES (109, 079523605570, 0);
INSERT INTO guest (person_id, rewards_number, rewards_points)
VALUES (110, 837915649974, 0);
INSERT INTO guest (person_id, rewards_number, rewards_points)
VALUES (111, 007883757079, 0);
INSERT INTO guest (person_id, rewards_number, rewards_points)
VALUES (112, 819677261459, 0);
INSERT INTO guest (person_id, rewards_number, rewards_points)
VALUES (113, 030954443061, 0);
INSERT INTO guest (person_id, rewards_number, rewards_points)
VALUES (114, 735274249039, 0);
INSERT INTO guest (person_id, rewards_number, rewards_points)
VALUES (115, 460218821612, 0);
INSERT INTO guest (person_id, rewards_number, rewards_points)
VALUES (116, 293220820569, 0);
INSERT INTO guest (person_id, rewards_number, rewards_points)
VALUES (117, 535648964956, 0);
INSERT INTO guest (person_id, rewards_number, rewards_points)
VALUES (118, 968733573741, 0);
INSERT INTO guest (person_id, rewards_number, rewards_points)
VALUES (119, 932449277071, 0);
INSERT INTO guest (person_id, rewards_number, rewards_points)
VALUES (120, 931690660726, 0);
INSERT INTO guest (person_id, rewards_number, rewards_points)
VALUES (121, 212830165785, 0);
INSERT INTO guest (person_id, rewards_number, rewards_points)
VALUES (122, 389232977691, 0);
INSERT INTO guest (person_id, rewards_number, rewards_points)
VALUES (123, 494225006162, 0);
INSERT INTO guest (person_id, rewards_number, rewards_points)
VALUES (124, 207110556248, 0);
INSERT INTO guest (person_id, rewards_number, rewards_points)
VALUES (125, 965168954893, 0);
INSERT INTO guest (person_id, rewards_number, rewards_points)
VALUES (126, 311841944985, 0);
INSERT INTO guest (person_id, rewards_number, rewards_points)
VALUES (127, 194584971206, 0);
INSERT INTO guest (person_id, rewards_number, rewards_points)
VALUES (128, 286850374782, 0);
INSERT INTO guest (person_id, rewards_number, rewards_points)
VALUES (129, 943315421591, 0);
INSERT INTO guest (person_id, rewards_number, rewards_points)
VALUES (130, 195874666661, 0);
INSERT INTO guest (person_id, rewards_number, rewards_points)
VALUES (131, 481030255373, 0);
INSERT INTO guest (person_id, rewards_number, rewards_points)
VALUES (132, 682950883576, 0);
INSERT INTO guest (person_id, rewards_number, rewards_points)
VALUES (133, 714428542916, 0);
INSERT INTO guest (person_id, rewards_number, rewards_points)
VALUES (134, 738940502208, 0);
INSERT INTO guest (person_id, rewards_number, rewards_points)
VALUES (135, 532370322406, 0);
INSERT INTO guest (person_id, rewards_number, rewards_points)
VALUES (136, 070810062961, 0);
INSERT INTO guest (person_id, rewards_number, rewards_points)
VALUES (137, 047473530447, 0);
INSERT INTO guest (person_id, rewards_number, rewards_points)
VALUES (138, 417391991489, 0);
INSERT INTO guest (person_id, rewards_number, rewards_points)
VALUES (139, 292742347918, 0);
INSERT INTO guest (person_id, rewards_number, rewards_points)
VALUES (140, 077268756802, 0);
INSERT INTO guest (person_id, rewards_number, rewards_points)
VALUES (141, 781182038972, 0);
INSERT INTO guest (person_id, rewards_number, rewards_points)
VALUES (142, 026300484539, 0);
INSERT INTO guest (person_id, rewards_number, rewards_points)
VALUES (143, 944672630644, 0);
INSERT INTO guest (person_id, rewards_number, rewards_points)
VALUES (144, 805124301331, 0);
INSERT INTO guest (person_id, rewards_number, rewards_points)
VALUES (145, 871339214707, 0);
INSERT INTO guest (person_id, rewards_number, rewards_points)
VALUES (146, 719058318316, 0);
INSERT INTO guest (person_id, rewards_number, rewards_points)
VALUES (147, 461406416751, 0);
INSERT INTO guest (person_id, rewards_number, rewards_points)
VALUES (148, 924287605581, 0);
INSERT INTO guest (person_id, rewards_number, rewards_points)
VALUES (149, 425400309165, 0);
INSERT INTO guest (person_id, rewards_number, rewards_points)
VALUES (150, 449666976292, 0);

INSERT INTO room_type
VALUES (1, 'Single', 'A room assigned to one person. May come with one or more beds', 100.00);
INSERT INTO room_type
VALUES (2, 'Double', 'A room assigned to two people. May come with one or more beds', 125.00);
INSERT INTO room_type
VALUES (3, 'Triple', 'A room assigned to three people. May have two or more beds', 150.00);
INSERT INTO room_type
VALUES (4, 'Quad', 'A room assigned to four people. May have two or more beds', 175.00);
INSERT INTO room_type
VALUES (5, 'Queen', 'A room with a queen-sized bed. May be occupied by one or more people', 200.00);
INSERT INTO room_type
VALUES (6, 'King', 'A room with a king-sized bed. May be occupied by one or more people', 225.00);
INSERT INTO room_type
VALUES (7, 'Twin', 'A room with two beds. May be occupied by one or more people', 125.00);
INSERT INTO room_type
VALUES (8, 'Double-Double', 'A room with two double or queen beds. May be occupied by one or more people', 225.00);
INSERT INTO room_type
VALUES (9, 'Master Suite', 'A living room connected to one or more bedrooms', 300.00);
INSERT INTO room_type
VALUES (10, 'Junior Suite', 'A single room with a bed and sitting area', 250.00);
INSERT INTO room_type
VALUES (11, 'Accessible Room', 'A room mainly desgned for disabled guests', 100.00);
INSERT INTO room_type
VALUES (12, 'Studio',
        'A room with a studio bed a couch that can be converted into a bed. May also come with an additional bed',
        175.00);

INSERT INTO room (room_number, square_feet, room_type_id, location_id)
VALUES ('1001', 280, 1, 1);
INSERT INTO room (room_number, square_feet, room_type_id, location_id)
VALUES ('1002', 360, 2, 1);
INSERT INTO room (room_number, square_feet, room_type_id, location_id)
VALUES ('1003', 280, 2, 1);
INSERT INTO room (room_number, square_feet, room_type_id, location_id)
VALUES ('1004', 360, 3, 1);
INSERT INTO room (room_number, square_feet, room_type_id, location_id)
VALUES ('1005', 384, 4, 1);
INSERT INTO room (room_number, square_feet, room_type_id, location_id)
VALUES ('1006', 402, 5, 1);
INSERT INTO room (room_number, square_feet, room_type_id, location_id)
VALUES ('1007', 391, 2, 1);
INSERT INTO room (room_number, square_feet, room_type_id, location_id)
VALUES ('1008', 402, 4, 1);
INSERT INTO room (room_number, square_feet, room_type_id, location_id)
VALUES ('1009', 397, 6, 1);
INSERT INTO room (room_number, square_feet, room_type_id, location_id)
VALUES ('1010', 400, 5, 1);
INSERT INTO room (room_number, square_feet, room_type_id, location_id)
VALUES ('1101', 280, 1, 1);
INSERT INTO room (room_number, square_feet, room_type_id, location_id)
VALUES ('1102', 360, 2, 1);
INSERT INTO room (room_number, square_feet, room_type_id, location_id)
VALUES ('1103', 280, 2, 1);
INSERT INTO room (room_number, square_feet, room_type_id, location_id)
VALUES ('1104', 360, 3, 1);
INSERT INTO room (room_number, square_feet, room_type_id, location_id)
VALUES ('1105', 384, 4, 1);
INSERT INTO room (room_number, square_feet, room_type_id, location_id)
VALUES ('1106', 402, 5, 1);
INSERT INTO room (room_number, square_feet, room_type_id, location_id)
VALUES ('1107', 391, 2, 1);
INSERT INTO room (room_number, square_feet, room_type_id, location_id)
VALUES ('1108', 402, 4, 1);
INSERT INTO room (room_number, square_feet, room_type_id, location_id)
VALUES ('1109', 397, 6, 1);
INSERT INTO room (room_number, square_feet, room_type_id, location_id)
VALUES ('1110', 400, 5, 1);
INSERT INTO room (room_number, square_feet, room_type_id, location_id)
VALUES ('2001', 280, 1, 1);
INSERT INTO room (room_number, square_feet, room_type_id, location_id)
VALUES ('2002', 360, 2, 1);
INSERT INTO room (room_number, square_feet, room_type_id, location_id)
VALUES ('2003', 280, 2, 1);
INSERT INTO room (room_number, square_feet, room_type_id, location_id)
VALUES ('2004', 360, 3, 1);
INSERT INTO room (room_number, square_feet, room_type_id, location_id)
VALUES ('2005', 384, 4, 1);
INSERT INTO room (room_number, square_feet, room_type_id, location_id)
VALUES ('2006', 402, 5, 1);
INSERT INTO room (room_number, square_feet, room_type_id, location_id)
VALUES ('2007', 391, 2, 1);
INSERT INTO room (room_number, square_feet, room_type_id, location_id)
VALUES ('2008', 402, 4, 1);
INSERT INTO room (room_number, square_feet, room_type_id, location_id)
VALUES ('2009', 397, 6, 1);
INSERT INTO room (room_number, square_feet, room_type_id, location_id)
VALUES ('2010', 400, 5, 1);
INSERT INTO room (room_number, square_feet, room_type_id, location_id)
VALUES ('2101', 280, 1, 1);
INSERT INTO room (room_number, square_feet, room_type_id, location_id)
VALUES ('2102', 360, 2, 1);
INSERT INTO room (room_number, square_feet, room_type_id, location_id)
VALUES ('2103', 280, 2, 1);
INSERT INTO room (room_number, square_feet, room_type_id, location_id)
VALUES ('2104', 360, 3, 1);
INSERT INTO room (room_number, square_feet, room_type_id, location_id)
VALUES ('2105', 384, 4, 1);
INSERT INTO room (room_number, square_feet, room_type_id, location_id)
VALUES ('2106', 402, 5, 1);
INSERT INTO room (room_number, square_feet, room_type_id, location_id)
VALUES ('2107', 391, 2, 1);
INSERT INTO room (room_number, square_feet, room_type_id, location_id)
VALUES ('2108', 402, 4, 1);
INSERT INTO room (room_number, square_feet, room_type_id, location_id)
VALUES ('2109', 397, 6, 1);
INSERT INTO room (room_number, square_feet, room_type_id, location_id)
VALUES ('2110', 400, 5, 1);
INSERT INTO room (room_number, square_feet, room_type_id, location_id)
VALUES ('3001', 280, 1, 1);
INSERT INTO room (room_number, square_feet, room_type_id, location_id)
VALUES ('3002', 360, 2, 1);
INSERT INTO room (room_number, square_feet, room_type_id, location_id)
VALUES ('3003', 280, 2, 1);
INSERT INTO room (room_number, square_feet, room_type_id, location_id)
VALUES ('3004', 360, 3, 1);
INSERT INTO room (room_number, square_feet, room_type_id, location_id)
VALUES ('3005', 384, 4, 1);
INSERT INTO room (room_number, square_feet, room_type_id, location_id)
VALUES ('3006', 402, 5, 1);
INSERT INTO room (room_number, square_feet, room_type_id, location_id)
VALUES ('3007', 391, 2, 1);
INSERT INTO room (room_number, square_feet, room_type_id, location_id)
VALUES ('3008', 402, 4, 1);
INSERT INTO room (room_number, square_feet, room_type_id, location_id)
VALUES ('3009', 397, 6, 1);
INSERT INTO room (room_number, square_feet, room_type_id, location_id)
VALUES ('3010', 400, 5, 1);
INSERT INTO room (room_number, square_feet, room_type_id, location_id)
VALUES ('3101', 280, 1, 1);
INSERT INTO room (room_number, square_feet, room_type_id, location_id)
VALUES ('3102', 360, 2, 1);
INSERT INTO room (room_number, square_feet, room_type_id, location_id)
VALUES ('3103', 280, 2, 1);
INSERT INTO room (room_number, square_feet, room_type_id, location_id)
VALUES ('3104', 360, 3, 1);
INSERT INTO room (room_number, square_feet, room_type_id, location_id)
VALUES ('3105', 384, 4, 1);
INSERT INTO room (room_number, square_feet, room_type_id, location_id)
VALUES ('3106', 402, 5, 1);
INSERT INTO room (room_number, square_feet, room_type_id, location_id)
VALUES ('3107', 391, 2, 1);
INSERT INTO room (room_number, square_feet, room_type_id, location_id)
VALUES ('3108', 402, 4, 1);
INSERT INTO room (room_number, square_feet, room_type_id, location_id)
VALUES ('3109', 397, 6, 1);
INSERT INTO room (room_number, square_feet, room_type_id, location_id)
VALUES ('3110', 400, 5, 1);
INSERT INTO room (room_number, square_feet, room_type_id, location_id)
VALUES ('4001', 280, 1, 1);
INSERT INTO room (room_number, square_feet, room_type_id, location_id)
VALUES ('4002', 360, 2, 1);
INSERT INTO room (room_number, square_feet, room_type_id, location_id)
VALUES ('4003', 280, 2, 1);
INSERT INTO room (room_number, square_feet, room_type_id, location_id)
VALUES ('4004', 360, 3, 1);
INSERT INTO room (room_number, square_feet, room_type_id, location_id)
VALUES ('4005', 384, 4, 1);
INSERT INTO room (room_number, square_feet, room_type_id, location_id)
VALUES ('4006', 402, 5, 1);
INSERT INTO room (room_number, square_feet, room_type_id, location_id)
VALUES ('4007', 391, 2, 1);
INSERT INTO room (room_number, square_feet, room_type_id, location_id)
VALUES ('4008', 402, 4, 1);
INSERT INTO room (room_number, square_feet, room_type_id, location_id)
VALUES ('4009', 397, 6, 1);
INSERT INTO room (room_number, square_feet, room_type_id, location_id)
VALUES ('4010', 400, 5, 1);
INSERT INTO room (room_number, square_feet, room_type_id, location_id)
VALUES ('4101', 280, 1, 1);
INSERT INTO room (room_number, square_feet, room_type_id, location_id)
VALUES ('4102', 360, 2, 1);
INSERT INTO room (room_number, square_feet, room_type_id, location_id)
VALUES ('4103', 280, 2, 1);
INSERT INTO room (room_number, square_feet, room_type_id, location_id)
VALUES ('4104', 360, 3, 1);
INSERT INTO room (room_number, square_feet, room_type_id, location_id)
VALUES ('4105', 384, 4, 1);
INSERT INTO room (room_number, square_feet, room_type_id, location_id)
VALUES ('4106', 402, 5, 1);
INSERT INTO room (room_number, square_feet, room_type_id, location_id)
VALUES ('4107', 391, 2, 1);
INSERT INTO room (room_number, square_feet, room_type_id, location_id)
VALUES ('4108', 402, 4, 1);
INSERT INTO room (room_number, square_feet, room_type_id, location_id)
VALUES ('4109', 397, 6, 1);
INSERT INTO room (room_number, square_feet, room_type_id, location_id)
VALUES ('4110', 400, 5, 1);
INSERT INTO room (room_number, square_feet, room_type_id, location_id)
VALUES ('5001', 280, 1, 1);
INSERT INTO room (room_number, square_feet, room_type_id, location_id)
VALUES ('5002', 360, 2, 1);
INSERT INTO room (room_number, square_feet, room_type_id, location_id)
VALUES ('5003', 280, 2, 1);
INSERT INTO room (room_number, square_feet, room_type_id, location_id)
VALUES ('5004', 360, 3, 1);
INSERT INTO room (room_number, square_feet, room_type_id, location_id)
VALUES ('5005', 384, 4, 1);
INSERT INTO room (room_number, square_feet, room_type_id, location_id)
VALUES ('5006', 402, 5, 1);
INSERT INTO room (room_number, square_feet, room_type_id, location_id)
VALUES ('5007', 391, 2, 1);
INSERT INTO room (room_number, square_feet, room_type_id, location_id)
VALUES ('5008', 402, 4, 1);
INSERT INTO room (room_number, square_feet, room_type_id, location_id)
VALUES ('5009', 397, 6, 1);
INSERT INTO room (room_number, square_feet, room_type_id, location_id)
VALUES ('5010', 400, 5, 1);
INSERT INTO room (room_number, square_feet, room_type_id, location_id)
VALUES ('5101', 280, 1, 1);
INSERT INTO room (room_number, square_feet, room_type_id, location_id)
VALUES ('5102', 360, 2, 1);
INSERT INTO room (room_number, square_feet, room_type_id, location_id)
VALUES ('5103', 280, 2, 1);
INSERT INTO room (room_number, square_feet, room_type_id, location_id)
VALUES ('5104', 360, 3, 1);
INSERT INTO room (room_number, square_feet, room_type_id, location_id)
VALUES ('5105', 384, 4, 1);
INSERT INTO room (room_number, square_feet, room_type_id, location_id)
VALUES ('5106', 402, 5, 1);
INSERT INTO room (room_number, square_feet, room_type_id, location_id)
VALUES ('5107', 391, 2, 1);
INSERT INTO room (room_number, square_feet, room_type_id, location_id)
VALUES ('5108', 402, 4, 1);
INSERT INTO room (room_number, square_feet, room_type_id, location_id)
VALUES ('5109', 397, 6, 1);
INSERT INTO room (room_number, square_feet, room_type_id, location_id)
VALUES ('5110', 400, 5, 1);


INSERT INTO reservation (start_date, end_date, guest_id)
VALUES (TO_DATE('2019-12-10', 'YYYY-MM-DD'), TO_DATE('2019-12-13', 'YYYY-MM-DD'), 1);
INSERT INTO reservation (start_date, end_date, guest_id)
VALUES (TO_DATE('2019-12-05', 'YYYY-MM-DD'), TO_DATE('2019-12-10', 'YYYY-MM-DD'), 2);
INSERT INTO reservation (start_date, end_date, guest_id)
VALUES (TO_DATE('2019-12-17', 'YYYY-MM-DD'), TO_DATE('2019-12-16', 'YYYY-MM-DD'), 3);
INSERT INTO reservation (start_date, end_date, guest_id)
VALUES (TO_DATE('2019-12-20', 'YYYY-MM-DD'), TO_DATE('2019-12-14', 'YYYY-MM-DD'), 4);
INSERT INTO reservation (start_date, end_date, guest_id)
VALUES (TO_DATE('2019-12-10', 'YYYY-MM-DD'), TO_DATE('2019-12-13', 'YYYY-MM-DD'), 4);
INSERT INTO reservation (start_date, end_date, guest_id)
VALUES (TO_DATE('2019-12-11', 'YYYY-MM-DD'), TO_DATE('2019-12-19', 'YYYY-MM-DD'), 4);
INSERT INTO reservation (start_date, end_date, guest_id)
VALUES (TO_DATE('2019-12-07', 'YYYY-MM-DD'), TO_DATE('2019-12-11', 'YYYY-MM-DD'), 6);
INSERT INTO reservation (start_date, end_date, guest_id)
VALUES (TO_DATE('2019-12-19', 'YYYY-MM-DD'), TO_DATE('2019-12-23', 'YYYY-MM-DD'), 7);
INSERT INTO reservation (start_date, end_date, guest_id)
VALUES (TO_DATE('2019-12-16', 'YYYY-MM-DD'), TO_DATE('2019-12-20', 'YYYY-MM-DD'), 9);
INSERT INTO reservation (start_date, end_date, guest_id)
VALUES (TO_DATE('2019-12-14', 'YYYY-MM-DD'), TO_DATE('2019-12-18', 'YYYY-MM-DD'), 9);
INSERT INTO reservation (start_date, end_date, guest_id)
VALUES (TO_DATE('2019-12-17', 'YYYY-MM-DD'), TO_DATE('2019-12-20', 'YYYY-MM-DD'), 10);
INSERT INTO reservation (start_date, end_date, guest_id)
VALUES (TO_DATE('2019-12-13', 'YYYY-MM-DD'), TO_DATE('2019-12-22', 'YYYY-MM-DD'), 11);
INSERT INTO reservation (start_date, end_date, guest_id)
VALUES (TO_DATE('2019-12-25', 'YYYY-MM-DD'), TO_DATE('2019-12-29', 'YYYY-MM-DD'), 12);
INSERT INTO reservation (start_date, end_date, guest_id)
VALUES (TO_DATE('2019-12-10', 'YYYY-MM-DD'), TO_DATE('2019-12-13', 'YYYY-MM-DD'), 13);
INSERT INTO reservation (start_date, end_date, guest_id)
VALUES (TO_DATE('2019-12-21', 'YYYY-MM-DD'), TO_DATE('2019-12-29', 'YYYY-MM-DD'), 14);
INSERT INTO reservation (start_date, end_date, guest_id)
VALUES (TO_DATE('2019-12-23', 'YYYY-MM-DD'), TO_DATE('2019-12-26', 'YYYY-MM-DD'), 15);
INSERT INTO reservation (start_date, end_date, guest_id)
VALUES (TO_DATE('2019-12-25', 'YYYY-MM-DD'), TO_DATE('2019-12-29', 'YYYY-MM-DD'), 16);
INSERT INTO reservation (start_date, end_date, guest_id)
VALUES (TO_DATE('2019-12-29', 'YYYY-MM-DD'), TO_DATE('2020-01-02', 'YYYY-MM-DD'), 17);
INSERT INTO reservation (start_date, end_date, guest_id)
VALUES (TO_DATE('2019-12-22', 'YYYY-MM-DD'), TO_DATE('2019-12-29', 'YYYY-MM-DD'), 17);
INSERT INTO reservation (start_date, end_date, guest_id)
VALUES (TO_DATE('2019-12-29', 'YYYY-MM-DD'), TO_DATE('2020-01-04', 'YYYY-MM-DD'), 17);
INSERT INTO reservation (start_date, end_date, guest_id)
VALUES (TO_DATE('2019-12-17', 'YYYY-MM-DD'), TO_DATE('2019-12-29', 'YYYY-MM-DD'), 17);
INSERT INTO reservation (start_date, end_date, guest_id)
VALUES (TO_DATE('2019-12-19', 'YYYY-MM-DD'), TO_DATE('2019-12-29', 'YYYY-MM-DD'), 17);
INSERT INTO reservation (start_date, end_date, guest_id)
VALUES (TO_DATE('2019-12-14', 'YYYY-MM-DD'), TO_DATE('2019-12-28', 'YYYY-MM-DD'), 42);
INSERT INTO reservation (start_date, end_date, guest_id)
VALUES (TO_DATE('2019-12-11', 'YYYY-MM-DD'), TO_DATE('2019-12-22', 'YYYY-MM-DD'), 68);
INSERT INTO reservation (start_date, end_date, guest_id)
VALUES (TO_DATE('2020-01-01', 'YYYY-MM-DD'), TO_DATE('2020-01-04', 'YYYY-MM-DD'), 53);
INSERT INTO reservation (start_date, end_date, guest_id)
VALUES (TO_DATE('2020-01-05', 'YYYY-MM-DD'), TO_DATE('2020-01-09', 'YYYY-MM-DD'), 123);
INSERT INTO reservation (start_date, end_date, guest_id)
VALUES (TO_DATE('2020-01-02', 'YYYY-MM-DD'), TO_DATE('2020-01-07', 'YYYY-MM-DD'), 6);
INSERT INTO reservation (start_date, end_date, guest_id)
VALUES (TO_DATE('2020-01-04', 'YYYY-MM-DD'), TO_DATE('2020-01-12', 'YYYY-MM-DD'), 9);
INSERT INTO reservation (start_date, end_date, guest_id)
VALUES (TO_DATE('2020-01-10', 'YYYY-MM-DD'), TO_DATE('2020-01-17', 'YYYY-MM-DD'), 4);
INSERT INTO reservation (start_date, end_date, guest_id)
VALUES (TO_DATE('2020-01-14', 'YYYY-MM-DD'), TO_DATE('2020-01-28', 'YYYY-MM-DD'), 12);
INSERT INTO reservation (start_date, end_date, guest_id)
VALUES (TO_DATE('2020-01-19', 'YYYY-MM-DD'), TO_DATE('2020-01-29', 'YYYY-MM-DD'), 56);
INSERT INTO reservation (start_date, end_date, guest_id)
VALUES (TO_DATE('2020-01-11', 'YYYY-MM-DD'), TO_DATE('2020-01-22', 'YYYY-MM-DD'), 21);
INSERT INTO reservation (start_date, end_date, guest_id)
VALUES (TO_DATE('2020-01-16', 'YYYY-MM-DD'), TO_DATE('2020-01-14', 'YYYY-MM-DD'), 12);
INSERT INTO reservation (start_date, end_date, guest_id)
VALUES (TO_DATE('2020-01-20', 'YYYY-MM-DD'), TO_DATE('2020-01-23', 'YYYY-MM-DD'), 5);
INSERT INTO reservation (start_date, end_date, guest_id)
VALUES (TO_DATE('2020-01-13', 'YYYY-MM-DD'), TO_DATE('2020-01-14', 'YYYY-MM-DD'), 32);
INSERT INTO reservation (start_date, end_date, guest_id)
VALUES (TO_DATE('2020-01-19', 'YYYY-MM-DD'), TO_DATE('2020-01-25', 'YYYY-MM-DD'), 32);
INSERT INTO reservation (start_date, end_date, guest_id)
VALUES (TO_DATE('2020-01-06', 'YYYY-MM-DD'), TO_DATE('2020-09-14', 'YYYY-MM-DD'), 32);
INSERT INTO reservation (start_date, end_date, guest_id)
VALUES (TO_DATE('2020-01-06', 'YYYY-MM-DD'), TO_DATE('2020-10-14', 'YYYY-MM-DD'), 32);
INSERT INTO reservation (start_date, end_date, guest_id)
VALUES (TO_DATE('2020-01-07', 'YYYY-MM-DD'), TO_DATE('2020-01-13', 'YYYY-MM-DD'), 23);
INSERT INTO reservation (start_date, end_date, guest_id)
VALUES (TO_DATE('2020-01-09', 'YYYY-MM-DD'), TO_DATE('2020-01-19', 'YYYY-MM-DD'), 23);
INSERT INTO reservation (start_date, end_date, guest_id)
VALUES (TO_DATE('2020-01-10', 'YYYY-MM-DD'), TO_DATE('2020-01-16', 'YYYY-MM-DD'), 23);
INSERT INTO reservation (start_date, end_date, guest_id)
VALUES (TO_DATE('2020-01-20', 'YYYY-MM-DD'), TO_DATE('2020-01-29', 'YYYY-MM-DD'), 23);
INSERT INTO reservation (start_date, end_date, guest_id)
VALUES (TO_DATE('2020-01-16', 'YYYY-MM-DD'), TO_DATE('2020-01-26', 'YYYY-MM-DD'), 23);
INSERT INTO reservation (start_date, end_date, guest_id)
VALUES (TO_DATE('2020-02-20', 'YYYY-MM-DD'), TO_DATE('2020-02-25', 'YYYY-MM-DD'), 23);
INSERT INTO reservation (start_date, end_date, guest_id)
VALUES (TO_DATE('2020-03-20', 'YYYY-MM-DD'), TO_DATE('2020-03-25', 'YYYY-MM-DD'), 23);
INSERT INTO reservation (start_date, end_date, guest_id)
VALUES (TO_DATE('2020-03-19', 'YYYY-MM-DD'), TO_DATE('2020-03-25', 'YYYY-MM-DD'), 23);
INSERT INTO reservation (start_date, end_date, guest_id)
VALUES (TO_DATE('2020-04-17', 'YYYY-MM-DD'), TO_DATE('2020-04-25', 'YYYY-MM-DD'), 23);
INSERT INTO reservation (start_date, end_date, guest_id)
VALUES (TO_DATE('2020-05-09', 'YYYY-MM-DD'), TO_DATE('2020-05-25', 'YYYY-MM-DD'), 23);


INSERT INTO room_reservation (room_id, reservation_id)
VALUES (23, 42);
INSERT INTO room_reservation (room_id, reservation_id)
VALUES (37, 43);
INSERT INTO room_reservation (room_id, reservation_id)
VALUES (73, 21);
INSERT INTO room_reservation (room_id, reservation_id)
VALUES (43, 22);
INSERT INTO room_reservation (room_id, reservation_id)
VALUES (12, 15);
INSERT INTO room_reservation (room_id, reservation_id)
VALUES (14, 34);
INSERT INTO room_reservation (room_id, reservation_id)
VALUES (97, 2);
